{
  "block_ID" : "redstone_torch",

  "dont_hides_same_block_faces" : true,

  "faces" : [
    {
      "face_ID" : "east",
      "texture" : "redstone_torch.png",
      "vertices" : [
        [0.5625, 0.625, 0.4375,  0.4375, 0.375,  1, 1, 1, 1],
        [0.5625, 0    , 0.4375,  0.4375, 1    ,  1, 1, 1, 1],
        [0.5625, 0    , 0.5625,  0.5625, 1    ,  1, 1, 1, 1],
        [0.5625, 0.625, 0.5625,  0.5625, 0.375,  1, 1, 1, 1]
      ]
    },
    {
      "face_ID" : "west",
      "texture" : "redstone_torch.png",
      "vertices" : [
        [0.4375, 0.625, 0.5625,  0.4375, 0.375,  1, 1, 1, 1],
        [0.4375, 0    , 0.5625,  0.4375, 1    ,  1, 1, 1, 1],
        [0.4375, 0    , 0.4375,  0.5625, 1    ,  1, 1, 1, 1],
        [0.4375, 0.625, 0.4375,  0.5625, 0.375,  1, 1, 1, 1]
      ]
    },
    {
      "face_ID" : "up",
      "texture" : "redstone_torch.png",
      "vertices" : [
        [0.4375, 0.625, 0.5625,  0.4375, 0.375,  1, 1, 1, 1],
        [0.4375, 0.625, 0.4375,  0.4375, 0.5  ,  1, 1, 1, 1],
        [0.5625, 0.625, 0.4375,  0.5625, 0.5  ,  1, 1, 1, 1],
        [0.5625, 0.625, 0.5625,  0.5625, 0.375,  1, 1, 1, 1]
      ]
    },
    {
      "face_ID" : "down",
      "texture" : "redstone_torch.png",
      "vertices" : [
        [0.4375, 0, 0.4375,  0.4375, 0.875,  1, 1, 1, 1],
        [0.4375, 0, 0.5625,  0.4375, 1    ,  1, 1, 1, 1],
        [0.5625, 0, 0.5625,  0.5625, 1    ,  1, 1, 1, 1],
        [0.5625, 0, 0.4375,  0.5625, 0.875,  1, 1, 1, 1]
      ]
    },
    {
      "face_ID" : "north",
      "texture" : "redstone_torch.png",
      "vertices" : [
        [0.5625, 0.625, 0.5625,  0.4375, 0.375,  1, 1, 1, 1],
        [0.5625, 0    , 0.5625,  0.4375, 1    ,  1, 1, 1, 1],
        [0.4375, 0    , 0.5625,  0.5625, 1    ,  1, 1, 1, 1],
        [0.4375, 0.625, 0.5625,  0.5625, 0.375,  1, 1, 1, 1]
      ]
    },
    {
      "face_ID" : "south",
      "texture" : "redstone_torch.png",
      "vertices" : [
        [0.4375, 0.625, 0.4375,  0.4375, 0.375,  1, 1, 1, 1],
        [0.4375, 0    , 0.4375,  0.4375, 1    ,  1, 1, 1, 1],
        [0.5625, 0    , 0.4375,  0.5625, 1    ,  1, 1, 1, 1],
        [0.5625, 0.625, 0.4375,  0.5625, 0.375,  1, 1, 1, 1]
      ]
    },

    {
      "face_ID" : "wrap_east",
      "texture" : "redstone_torch.png",
      "vertices" : [
        [0.59375, 0.65625, 0.40625,  0.375 , 0.3125,  1, 1, 1, 0.5],
        [0.59375, 0.46875, 0.40625,  0.375 , 0.4375,  1, 1, 1, 0.5],
        [0.59375, 0.46875, 0.59375,  0.4375, 0.4375,  1, 1, 1, 0.5],
        [0.59375, 0.65625, 0.59375,  0.4375, 0.3125,  1, 1, 1, 0.5]
      ]
    },
    {
      "face_ID" : "wrap_west",
      "texture" : "redstone_torch.png",
      "vertices" : [
        [0.40625, 0.65625, 0.59375,  0.375 , 0.3125,  1, 1, 1, 0.5],
        [0.40625, 0.46875, 0.59375,  0.375 , 0.4375,  1, 1, 1, 0.5],
        [0.40625, 0.46875, 0.40625,  0.4375, 0.4375,  1, 1, 1, 0.5],
        [0.40625, 0.65625, 0.40625,  0.4375, 0.3125,  1, 1, 1, 0.5]
      ]
    },
    {
      "face_ID" : "wrap_up",
      "texture" : "redstone_torch.png",
      "vertices" : [
        [0.40625, 0.65625, 0.59375,  0.375 , 0.3125,  1, 1, 1, 0.5],
        [0.40625, 0.65625, 0.40625,  0.375 , 0.4375,  1, 1, 1, 0.5],
        [0.59375, 0.65625, 0.40625,  0.4375, 0.4375,  1, 1, 1, 0.5],
        [0.59375, 0.65625, 0.59375,  0.4375, 0.3125,  1, 1, 1, 0.5]
      ]
    },
    {
      "face_ID" : "wrap_down",
      "texture" : "redstone_torch.png",
      "vertices" : [
        [0.40625, 0.46875, 0.40625,  0.375 , 0.3125,  1, 1, 1, 0.5],
        [0.40625, 0.46875, 0.59375,  0.375 , 0.4375,  1, 1, 1, 0.5],
        [0.59375, 0.46875, 0.59375,  0.4375, 0.4375,  1, 1, 1, 0.5],
        [0.59375, 0.46875, 0.40625,  0.4375, 0.3125,  1, 1, 1, 0.5]
      ]
    },
    {
      "face_ID" : "wrap_north",
      "texture" : "redstone_torch.png",
      "vertices" : [
        [0.59375, 0.65625, 0.59375,  0.375 , 0.3125,  1, 1, 1, 0.5],
        [0.59375, 0.46875, 0.59375,  0.375 , 0.4375,  1, 1, 1, 0.5],
        [0.40625, 0.46875, 0.59375,  0.4375, 0.4375,  1, 1, 1, 0.5],
        [0.40625, 0.65625, 0.59375,  0.4375, 0.3125,  1, 1, 1, 0.5]
      ]
    },
    {
      "face_ID" : "wrap_south",
      "texture" : "redstone_torch.png",
      "vertices" : [
        [0.40625, 0.65625, 0.40625,  0.375 , 0.3125,  1, 1, 1, 0.5],
        [0.40625, 0.46875, 0.40625,  0.375 , 0.4375,  1, 1, 1, 0.5],
        [0.59375, 0.46875, 0.40625,  0.4375, 0.4375,  1, 1, 1, 0.5],
        [0.59375, 0.65625, 0.40625,  0.4375, 0.3125,  1, 1, 1, 0.5]
      ]
    }
  ]
}
