{
  "block_ID" : "blue_torch",

  "dont_hides_same_block_faces" : true,

  "faces" : [
    {
      "face_ID" : "east",
      "texture" : "torch.png",
      "vertices" : [
        [0.5625, 0.625, 0.4375,  0.4375, 0.375,  1, 1, 1, 1],
        [0.5625, 0    , 0.4375,  0.4375, 1    ,  1, 1, 1, 1],
        [0.5625, 0    , 0.5625,  0.5625, 1    ,  1, 1, 1, 1],
        [0.5625, 0.625, 0.5625,  0.5625, 0.375,  1, 1, 1, 1]
      ]
    },
    {
      "face_ID" : "west",
      "texture" : "torch.png",
      "vertices" : [
        [0.4375, 0.625, 0.5625,  0.4375, 0.375,  1, 1, 1, 1],
        [0.4375, 0    , 0.5625,  0.4375, 1    ,  1, 1, 1, 1],
        [0.4375, 0    , 0.4375,  0.5625, 1    ,  1, 1, 1, 1],
        [0.4375, 0.625, 0.4375,  0.5625, 0.375,  1, 1, 1, 1]
      ]
    },
    {
      "face_ID" : "up",
      "texture" : "torch.png",
      "vertices" : [
        [0.4375, 0.625, 0.5625,  0.4375, 0.375,  1, 1, 1, 1],
        [0.4375, 0.625, 0.4375,  0.4375, 0.5  ,  1, 1, 1, 1],
        [0.5625, 0.625, 0.4375,  0.5625, 0.5  ,  1, 1, 1, 1],
        [0.5625, 0.625, 0.5625,  0.5625, 0.375,  1, 1, 1, 1]
      ]
    },
    {
      "face_ID" : "down",
      "texture" : "torch.png",
      "vertices" : [
        [0.4375, 0, 0.4375,  0.4375, 0.875,  1, 1, 1, 1],
        [0.4375, 0, 0.5625,  0.4375, 1    ,  1, 1, 1, 1],
        [0.5625, 0, 0.5625,  0.5625, 1    ,  1, 1, 1, 1],
        [0.5625, 0, 0.4375,  0.5625, 0.875,  1, 1, 1, 1]
      ]
    },
    {
      "face_ID" : "north",
      "texture" : "torch.png",
      "vertices" : [
        [0.5625, 0.625, 0.5625,  0.4375, 0.375,  1, 1, 1, 1],
        [0.5625, 0    , 0.5625,  0.4375, 1    ,  1, 1, 1, 1],
        [0.4375, 0    , 0.5625,  0.5625, 1    ,  1, 1, 1, 1],
        [0.4375, 0.625, 0.5625,  0.5625, 0.375,  1, 1, 1, 1]
      ]
    },
    {
      "face_ID" : "south",
      "texture" : "torch.png",
      "vertices" : [
        [0.4375, 0.625, 0.4375,  0.4375, 0.375,  1, 1, 1, 1],
        [0.4375, 0    , 0.4375,  0.4375, 1    ,  1, 1, 1, 1],
        [0.5625, 0    , 0.4375,  0.5625, 1    ,  1, 1, 1, 1],
        [0.5625, 0.625, 0.4375,  0.5625, 0.375,  1, 1, 1, 1]
      ]
    }
  ]
}
