{
  "block_ID" : "stairs",

  "dont_hides_same_block_faces" : false,

  "faces" : [
    {
      "face_ID" : "east-down0.5",
      "texture" : "stone.png",
      "vertices" : [
        [1, 0.5, 0,  0, 0  ,  1, 1, 1, 1],
        [1, 0  , 0,  0, 0.5,  1, 1, 1, 1],
        [1, 0  , 1,  1, 0.5,  1, 1, 1, 1],
        [1, 0.5, 1,  1, 0  ,  1, 1, 1, 1]
      ]
    },
    {
      "face_ID" : "east-up0.5",
      "texture" : "stone.png",
      "vertices" : [
        [0.5, 1  , 0,  0, 0.5,  1, 1, 1, 1],
        [0.5, 0.5, 0,  0, 1  ,  0.75, 0.75, 0.75, 1],
        [0.5, 0.5, 1,  1, 1  ,  0.75, 0.75, 0.75, 1],
        [0.5, 1  , 1,  1, 0.5,  1, 1, 1, 1]
      ]
    },
    {
      "face_ID" : "west",
      "texture" : "stone.png",
      "vertices" : [
        [0, 1, 1,  0, 0,  1, 1, 1, 1],
        [0, 0, 1,  0, 1,  1, 1, 1, 1],
        [0, 0, 0,  1, 1,  1, 1, 1, 1],
        [0, 1, 0,  1, 0,  1, 1, 1, 1]
      ]
    },
    {
      "face_ID" : "up-west0.5",
      "texture" : "stone.png",
      "vertices" : [
        [0  , 1, 1,  0  , 0,  1, 1, 1, 1],
        [0  , 1, 0,  0  , 1,  1, 1, 1, 1],
        [0.5, 1, 0,  0.5, 1,  1, 1, 1, 1],
        [0.5, 1, 1,  0.5, 0,  1, 1, 1, 1]
      ]
    },
    {
      "face_ID" : "up-east0.5",
      "texture" : "stone.png",
      "vertices" : [
        [0.5, 0.5, 1,  0.5, 0,  0.75, 0.75, 0.75, 1],
        [0.5, 0.5, 0,  0.5, 1,  0.75, 0.75, 0.75, 1],
        [1  , 0.5, 0,  1  , 1,  1, 1, 1, 1],
        [1  , 0.5, 1,  1  , 0,  1, 1, 1, 1]
      ]
    },
    {
      "face_ID" : "down",
      "texture" : "stone.png",
      "vertices" : [
        [0, 0, 0,  0, 0,  1, 1, 1, 1],
        [0, 0, 1,  0, 1,  1, 1, 1, 1],
        [1, 0, 1,  1, 1,  1, 1, 1, 1],
        [1, 0, 0,  1, 0,  1, 1, 1, 1]
      ]
    },
    {
      "face_ID" : "north-down0.5",
      "texture" : "stone.png",
      "vertices" : [
        [1, 0.5, 1,  0, 0  ,  1, 1, 1, 1],
        [1, 0  , 1,  0, 0.5,  1, 1, 1, 1],
        [0, 0  , 1,  1, 0.5,  1, 1, 1, 1],
        [0, 0.5, 1,  1, 0  ,  1, 1, 1, 1]
      ]
    },
    {
      "face_ID" : "north-up0.5",
      "texture" : "stone.png",
      "vertices" : [
        [0.5, 1  , 1,  0  , 0.5,  1, 1, 1, 1],
        [0.5, 0.5, 1,  0  , 1  ,  1, 1, 1, 1],
        [0  , 0.5, 1,  0.5, 1  ,  1, 1, 1, 1],
        [0  , 1  , 1,  0.5, 0.5,  1, 1, 1, 1]
      ]
    },
    {
      "face_ID" : "south-down0.5",
      "texture" : "stone.png",
      "vertices" : [
        [0, 0.5, 0,  0, 0  ,  1, 1, 1, 1],
        [0, 0  , 0,  0, 0.5,  1, 1, 1, 1],
        [1, 0  , 0,  1, 0.5,  1, 1, 1, 1],
        [1, 0.5, 0,  1, 0  ,  1, 1, 1, 1]
      ]
    },
    {
      "face_ID" : "south-up0.5",
      "texture" : "stone.png",
      "vertices" : [
        [0  , 1  , 0,  0  , 0.5,  1, 1, 1, 1],
        [0  , 0.5, 0,  0  , 1  ,  1, 1, 1, 1],
        [0.5, 0.5, 0,  0.5, 1  ,  1, 1, 1, 1],
        [0.5, 1  , 0,  0.5, 0.5,  1, 1, 1, 1]
      ]
    }
  ]
}
