{
	"texture_size": [32, 32],
	"textures": {
		"0": "shrooms_chowder.png",
		"particle": "shrooms_chowder.png"
	},
	"elements": [
		{
			"from": [5, 0, 5],
			"to": [11, 1, 11],
			"rotation": {"angle": 0, "axis": "y", "origin": [7, 0, 7]},
			"faces": {
				"south": {"uv": [7.5, 8.5, 10.5, 9], "texture": "#0"},
				"east": {"uv": [3, 9, 6, 9.5], "texture": "#0"},
				"north": {"uv": [9, 6.5, 12, 7], "texture": "#0"},
				"west": {"uv": [9, 7, 12, 7.5], "texture": "#0"},
				"up": {"uv": [3, 3, 0, 0], "texture": "#0"},
				"down": {"uv": [3, 3, 0, 6], "texture": "#0", "cullface": "down"}
			}
		},
		{
			"from": [4, 2, 12],
			"to": [12, 3, 13],
			"rotation": {"angle": 0, "axis": "y", "origin": [7, 1, 7]},
			"faces": {
				"south": {"uv": [0, 6, 4, 6.5], "texture": "#0"},
				"east": {"uv": [6, 9, 6.5, 9.5], "texture": "#0"},
				"north": {"uv": [6, 0, 10, 0.5], "texture": "#0"},
				"west": {"uv": [6, 9.5, 6.5, 10], "texture": "#0"},
				"up": {"uv": [10, 1, 6, 0.5], "texture": "#0"},
				"down": {"uv": [10, 1, 6, 1.5], "texture": "#0"}
			}
		},
		{
			"from": [12, 2, 4],
			"to": [13, 3, 12],
			"rotation": {"angle": 0, "axis": "y", "origin": [7, 1, 7]},
			"faces": {
				"south": {"uv": [4.5, 10.5, 5, 11], "texture": "#0"},
				"east": {"uv": [6, 3.5, 10, 4], "texture": "#0"},
				"north": {"uv": [5, 10.5, 5.5, 11], "texture": "#0"},
				"west": {"uv": [4, 6, 8, 6.5], "texture": "#0"},
				"up": {"uv": [0.5, 10.5, 0, 6.5], "texture": "#0"},
				"down": {"uv": [1, 6.5, 0.5, 10.5], "texture": "#0"}
			}
		},
		{
			"from": [4, 2, 3],
			"to": [12, 3, 4],
			"rotation": {"angle": 0, "axis": "y", "origin": [7, 1, 7]},
			"faces": {
				"south": {"uv": [6, 1.5, 10, 2], "texture": "#0"},
				"east": {"uv": [6, 10, 6.5, 10.5], "texture": "#0"},
				"north": {"uv": [6, 2, 10, 2.5], "texture": "#0"},
				"west": {"uv": [4, 10.5, 4.5, 11], "texture": "#0"},
				"up": {"uv": [10, 3, 6, 2.5], "texture": "#0"},
				"down": {"uv": [10, 3, 6, 3.5], "texture": "#0"}
			}
		},
		{
			"from": [3, 2, 4],
			"to": [4, 3, 12],
			"rotation": {"angle": 0, "axis": "y", "origin": [7, 1, 7]},
			"faces": {
				"south": {"uv": [5.5, 10.5, 6, 11], "texture": "#0"},
				"east": {"uv": [6, 4, 10, 4.5], "texture": "#0"},
				"north": {"uv": [6, 10.5, 6.5, 11], "texture": "#0"},
				"west": {"uv": [6, 4.5, 10, 5], "texture": "#0"},
				"up": {"uv": [1.5, 10.5, 1, 6.5], "texture": "#0"},
				"down": {"uv": [2, 6.5, 1.5, 10.5], "texture": "#0"}
			}
		},
		{
			"from": [4, 1, 11],
			"to": [11, 2, 12],
			"rotation": {"angle": 0, "axis": "y", "origin": [7, 0, 6]},
			"faces": {
				"south": {"uv": [6, 5, 9.5, 5.5], "texture": "#0"},
				"east": {"uv": [7.5, 10.5, 8, 11], "texture": "#0"},
				"north": {"uv": [6, 5.5, 9.5, 6], "texture": "#0"},
				"west": {"uv": [8, 10.5, 8.5, 11], "texture": "#0"},
				"up": {"uv": [5.5, 7, 2, 6.5], "texture": "#0"},
				"down": {"uv": [9, 6.5, 5.5, 7], "texture": "#0"}
			}
		},
		{
			"from": [11, 1, 5],
			"to": [12, 2, 12],
			"rotation": {"angle": 0, "axis": "y", "origin": [6, 0, 7]},
			"faces": {
				"south": {"uv": [8.5, 10.5, 9, 11], "texture": "#0"},
				"east": {"uv": [2, 7, 5.5, 7.5], "texture": "#0"},
				"north": {"uv": [10.5, 8.5, 11, 9], "texture": "#0"},
				"west": {"uv": [5.5, 7, 9, 7.5], "texture": "#0"},
				"up": {"uv": [2.5, 11, 2, 7.5], "texture": "#0"},
				"down": {"uv": [3, 7.5, 2.5, 11], "texture": "#0"}
			}
		},
		{
			"from": [5, 1, 4],
			"to": [12, 2, 5],
			"rotation": {"angle": 0, "axis": "y", "origin": [7, 0, 8]},
			"faces": {
				"south": {"uv": [3, 7.5, 6.5, 8], "texture": "#0"},
				"east": {"uv": [9, 10.5, 9.5, 11], "texture": "#0"},
				"north": {"uv": [6.5, 7.5, 10, 8], "texture": "#0"},
				"west": {"uv": [10.5, 9, 11, 9.5], "texture": "#0"},
				"up": {"uv": [6.5, 8.5, 3, 8], "texture": "#0"},
				"down": {"uv": [11.5, 6, 8, 6.5], "texture": "#0"}
			}
		},
		{
			"from": [4, 1, 4],
			"to": [5, 2, 11],
			"rotation": {"angle": 0, "axis": "y", "origin": [8, 0, 7]},
			"faces": {
				"south": {"uv": [9.5, 10.5, 10, 11], "texture": "#0"},
				"east": {"uv": [6.5, 8, 10, 8.5], "texture": "#0"},
				"north": {"uv": [10.5, 9.5, 11, 10], "texture": "#0"},
				"west": {"uv": [3, 8.5, 6.5, 9], "texture": "#0"},
				"up": {"uv": [7, 12, 6.5, 8.5], "texture": "#0"},
				"down": {"uv": [7.5, 8.5, 7, 12], "texture": "#0"}
			}
		},
		{
			"from": [4.01, 1.01, 4.01],
			"to": [11.99, 2.77, 11.99],
			"rotation": {"angle": 0, "axis": "y", "origin": [7, 0, 7]},
			"faces": {
				"south": {"uv": [7.5, 9, 10.5, 9.5], "texture": "#0"},
				"east": {"uv": [3, 9.5, 6, 10], "texture": "#0"},
				"north": {"uv": [9.5, 5, 12.5, 5.5], "texture": "#0"},
				"west": {"uv": [9.5, 5.5, 12.5, 6], "texture": "#0"},
				"up": {"uv": [6, 3, 3, 0], "texture": "#0"},
				"down": {"uv": [6, 3, 3, 6], "texture": "#0"}
			}
		},
		{
			"from": [9, 2.1, 7],
			"to": [11, 3.1, 11],
			"rotation": {"angle": 0, "axis": "y", "origin": [9, 2, 7]},
			"faces": {
				"south": {"uv": [3, 10, 4, 10.5], "texture": "#0"},
				"east": {"uv": [10, 3, 12, 3.5], "texture": "#0"},
				"north": {"uv": [10, 3.5, 11, 4], "texture": "#0"},
				"west": {"uv": [10, 3, 12, 3.5], "texture": "#0"},
				"up": {"uv": [12, 2, 11, 0], "texture": "#0"},
				"down": {"uv": [8.5, 9.5, 7.5, 10.5], "texture": "#0"}
			}
		},
		{
			"from": [5, 2.3, 9],
			"to": [7, 3.3, 11],
			"rotation": {"angle": 0, "axis": "y", "origin": [5, 2, 9]},
			"faces": {
				"south": {"uv": [10, 4, 11, 4.5], "texture": "#0"},
				"east": {"uv": [10, 4.5, 11, 5], "texture": "#0"},
				"north": {"uv": [5, 10, 6, 10.5], "texture": "#0"},
				"west": {"uv": [10, 7.5, 11, 8], "texture": "#0"},
				"up": {"uv": [10.5, 10.5, 9.5, 9.5], "texture": "#0"},
				"down": {"uv": [11, 0, 10, 1], "texture": "#0"}
			}
		},
		{
			"from": [6, 1.9, 6],
			"to": [8, 2.9, 8],
			"rotation": {"angle": 0, "axis": "y", "origin": [6, 2, 6]},
			"faces": {
				"south": {"uv": [10, 8, 11, 8.5], "texture": "#0"},
				"east": {"uv": [0, 10.5, 1, 11], "texture": "#0"},
				"north": {"uv": [1, 10.5, 2, 11], "texture": "#0"},
				"west": {"uv": [3, 10.5, 4, 11], "texture": "#0"},
				"up": {"uv": [11, 2, 10, 1], "texture": "#0"},
				"down": {"uv": [11, 2, 10, 3], "texture": "#0"}
			}
		},
		{
			"from": [5, 1.9, 5],
			"to": [7, 2.9, 6],
			"rotation": {"angle": 0, "axis": "y", "origin": [5, 2, 5]},
			"faces": {
				"south": {"uv": [10, 8, 11, 8.5], "texture": "#0"},
				"east": {"uv": [0.5, 10.5, 1, 11], "texture": "#0"},
				"west": {"uv": [3, 10.5, 3.5, 11], "texture": "#0"},
				"up": {"uv": [11, 2, 10.5, 1], "texture": "#0"},
				"down": {"uv": [11, 2, 10.5, 3], "texture": "#0"}
			}
		},
		{
			"from": [5, 1.9, 6],
			"to": [6, 2.9, 7],
			"rotation": {"angle": 0, "axis": "y", "origin": [5, 2, 6]},
			"faces": {
				"north": {"uv": [1, 10.5, 1.5, 11], "texture": "#0"},
				"west": {"uv": [3, 10.5, 3.5, 11], "texture": "#0"},
				"up": {"uv": [10.5, 1.5, 10, 1], "texture": "#0"},
				"down": {"uv": [10.5, 2, 10, 2.5], "texture": "#0"}
			}
		},
		{
			"from": [8, 2.1, 9],
			"to": [9, 3.1, 11],
			"rotation": {"angle": 0, "axis": "y", "origin": [8, 2, 7]},
			"faces": {
				"south": {"uv": [3.5, 10, 4, 10.5], "texture": "#0"},
				"north": {"uv": [10, 3.5, 10.5, 4], "texture": "#0"},
				"west": {"uv": [4, 10, 5, 10.5], "texture": "#0"},
				"up": {"uv": [8.5, 10.5, 7.5, 10], "texture": "#0"},
				"down": {"uv": [9.5, 10, 8.5, 10.5], "texture": "#0"}
			}
		}
	]
}