{
  "block_ID" : "dirt",

  "dont_hides_same_block_faces" : false,

  "faces" : [
    {
      "face_ID" : "east",
      "texture_ID" : "dirt",
      "vertices" : [
        [1, 1, 0,  0, 0,  1, 1, 1, 1],
        [1, 0, 0,  0, 1,  1, 1, 1, 1],
        [1, 0, 1,  1, 1,  1, 1, 1, 1],
        [1, 1, 1,  1, 0,  1, 1, 1, 1]
      ]
    },
    {
      "face_ID" : "west",
      "texture_ID" : "dirt",
      "vertices" : [
        [0, 1, 1,  0, 0,  1, 1, 1, 1],
        [0, 0, 1,  0, 1,  1, 1, 1, 1],
        [0, 0, 0,  1, 1,  1, 1, 1, 1],
        [0, 1, 0,  1, 0,  1, 1, 1, 1]
      ]
    },
    {
      "face_ID" : "up",
      "texture_ID" : "dirt",
      "vertices" : [
        [0, 1, 1,  0, 0,  1, 1, 1, 1],
        [0, 1, 0,  0, 1,  1, 1, 1, 1],
        [1, 1, 0,  1, 1,  1, 1, 1, 1],
        [1, 1, 1,  1, 0,  1, 1, 1, 1]
      ]
    },
    {
      "face_ID" : "down",
      "texture_ID" : "dirt",
      "vertices" : [
        [0, 0, 0,  0, 0,  1, 1, 1, 1],
        [0, 0, 1,  0, 1,  1, 1, 1, 1],
        [1, 0, 1,  1, 1,  1, 1, 1, 1],
        [1, 0, 0,  1, 0,  1, 1, 1, 1]
      ]
    },
    {
      "face_ID" : "north",
      "texture_ID" : "dirt",
      "vertices" : [
        [1, 1, 1,  0, 0,  1, 1, 1, 1],
        [1, 0, 1,  0, 1,  1, 1, 1, 1],
        [0, 0, 1,  1, 1,  1, 1, 1, 1],
        [0, 1, 1,  1, 0,  1, 1, 1, 1]
      ]
    },
    {
      "face_ID" : "south",
      "texture_ID" : "dirt",
      "vertices" : [
        [0, 1, 0,  0, 0,  1, 1, 1, 1],
        [0, 0, 0,  0, 1,  1, 1, 1, 1],
        [1, 0, 0,  1, 1,  1, 1, 1, 1],
        [1, 1, 0,  1, 0,  1, 1, 1, 1]
      ]
    }
  ]
}