{
  "properties" : {
    "opacity" : 15
  },
  "variant_properties": ["facing", "half", "shape"],
  "variants": {
    "facing=east,half=bottom,shape=inner_left": {
      "model": "models/block/stone_stairs_inner.json",
      "uvlock": true,
      "y": 270
    },
    "facing=east,half=bottom,shape=inner_right": {
      "model": "models/block/stone_stairs_inner.json"
    },
    "facing=east,half=bottom,shape=outer_left": {
      "model": "models/block/stone_stairs_outer.json",
      "uvlock": true,
      "y": 270
    },
    "facing=east,half=bottom,shape=outer_right": {
      "model": "models/block/stone_stairs_outer.json"
    },
    "facing=east,half=bottom,shape=straight": {
      "model": "models/block/stone_stairs.json"
    },
    "facing=east,half=top,shape=inner_left": {
      "model": "models/block/stone_stairs_inner.json",
      "uvlock": true,
      "x": 180
    },
    "facing=east,half=top,shape=inner_right": {
      "model": "models/block/stone_stairs_inner.json",
      "uvlock": true,
      "x": 180,
      "y": 90
    },
    "facing=east,half=top,shape=outer_left": {
      "model": "models/block/stone_stairs_outer.json",
      "uvlock": true,
      "x": 180
    },
    "facing=east,half=top,shape=outer_right": {
      "model": "models/block/stone_stairs_outer.json",
      "uvlock": true,
      "x": 180,
      "y": 90
    },
    "facing=east,half=top,shape=straight": {
      "model": "models/block/stone_stairs.json",
      "uvlock": true,
      "x": 180
    },
    "facing=south,half=bottom,shape=inner_left": {
      "model": "models/block/stone_stairs_inner.json",
      "uvlock": true,
      "y": 180
    },
    "facing=south,half=bottom,shape=inner_right": {
      "model": "models/block/stone_stairs_inner.json",
      "uvlock": true,
      "y": 270
    },
    "facing=south,half=bottom,shape=outer_left": {
      "model": "models/block/stone_stairs_outer.json",
      "uvlock": true,
      "y": 180
    },
    "facing=south,half=bottom,shape=outer_right": {
      "model": "models/block/stone_stairs_outer.json",
      "uvlock": true,
      "y": 270
    },
    "facing=south,half=bottom,shape=straight": {
      "model": "models/block/stone_stairs.json",
      "uvlock": true,
      "y": 270
    },
    "facing=south,half=top,shape=inner_left": {
      "model": "models/block/stone_stairs_inner.json",
      "uvlock": true,
      "x": 180,
      "y": 270
    },
    "facing=south,half=top,shape=inner_right": {
      "model": "models/block/stone_stairs_inner.json",
      "uvlock": true,
      "x": 180
    },
    "facing=south,half=top,shape=outer_left": {
      "model": "models/block/stone_stairs_outer.json",
      "uvlock": true,
      "x": 180,
      "y": 270
    },
    "facing=south,half=top,shape=outer_right": {
      "model": "models/block/stone_stairs_outer.json",
      "uvlock": true,
      "x": 180
    },
    "facing=south,half=top,shape=straight": {
      "model": "models/block/stone_stairs.json",
      "uvlock": true,
      "x": 180,
      "y": 270
    },
    "facing=north,half=bottom,shape=inner_left": {
      "model": "models/block/stone_stairs_inner.json"
    },
    "facing=north,half=bottom,shape=inner_right": {
      "model": "models/block/stone_stairs_inner.json",
      "uvlock": true,
      "y": 90
    },
    "facing=north,half=bottom,shape=outer_left": {
      "model": "models/block/stone_stairs_outer.json"
    },
    "facing=north,half=bottom,shape=outer_right": {
      "model": "models/block/stone_stairs_outer.json",
      "uvlock": true,
      "y": 90
    },
    "facing=north,half=bottom,shape=straight": {
      "model": "models/block/stone_stairs.json",
      "uvlock": true,
      "y": 90
    },
    "facing=north,half=top,shape=inner_left": {
      "model": "models/block/stone_stairs_inner.json",
      "uvlock": true,
      "x": 180,
      "y": 90
    },
    "facing=north,half=top,shape=inner_right": {
      "model": "models/block/stone_stairs_inner.json",
      "uvlock": true,
      "x": 180,
      "y": 180
    },
    "facing=north,half=top,shape=outer_left": {
      "model": "models/block/stone_stairs_outer.json",
      "uvlock": true,
      "x": 180,
      "y": 90
    },
    "facing=north,half=top,shape=outer_right": {
      "model": "models/block/stone_stairs_outer.json",
      "uvlock": true,
      "x": 180,
      "y": 180
    },
    "facing=north,half=top,shape=straight": {
      "model": "models/block/stone_stairs.json",
      "uvlock": true,
      "x": 180,
      "y": 90
    },
    "facing=west,half=bottom,shape=inner_left": {
      "model": "models/block/stone_stairs_inner.json",
      "uvlock": true,
      "y": 90
    },
    "facing=west,half=bottom,shape=inner_right": {
      "model": "models/block/stone_stairs_inner.json",
      "uvlock": true,
      "y": 180
    },
    "facing=west,half=bottom,shape=outer_left": {
      "model": "models/block/stone_stairs_outer.json",
      "uvlock": true,
      "y": 90
    },
    "facing=west,half=bottom,shape=outer_right": {
      "model": "models/block/stone_stairs_outer.json",
      "uvlock": true,
      "y": 180
    },
    "facing=west,half=bottom,shape=straight": {
      "model": "models/block/stone_stairs.json",
      "uvlock": true,
      "y": 180
    },
    "facing=west,half=top,shape=inner_left": {
      "model": "models/block/stone_stairs_inner.json",
      "uvlock": true,
      "x": 180,
      "y": 180
    },
    "facing=west,half=top,shape=inner_right": {
      "model": "models/block/stone_stairs_inner.json",
      "uvlock": true,
      "x": 180,
      "y": 270
    },
    "facing=west,half=top,shape=outer_left": {
      "model": "models/block/stone_stairs_outer.json",
      "uvlock": true,
      "x": 180,
      "y": 180
    },
    "facing=west,half=top,shape=outer_right": {
      "model": "models/block/stone_stairs_outer.json",
      "uvlock": true,
      "x": 180,
      "y": 270
    },
    "facing=west,half=top,shape=straight": {
      "model": "models/block/stone_stairs.json",
      "uvlock": true,
      "x": 180,
      "y": 180
    }
  }
}