{
    "ambientocclusion": false,
    "textures": {
        "particle": "#torch"
    },
    "elements": [
        {
            "from": [ -1, 3.5, 7 ],
            "to": [ 1, 13.5, 9 ],
            "rotation": { "origin": [ 0, 3.5, 8 ], "axis": "z", "angle": -22.5 },
            "faces": {
                "down":  { "uv": [ 7, 13, 9, 15 ], "texture": "#torch" },
                "up":    { "uv": [ 7,  6, 9,  8 ], "texture": "#torch" },
                "north": { "uv": [ 7,  6, 9, 16 ], "texture": "#torch" },
                "east":  { "uv": [ 7,  6, 9, 16 ], "texture": "#torch" },
                "south": { "uv": [ 7,  6, 9, 16 ], "texture": "#torch" },
                "west":  { "uv": [ 7,  6, 9, 16 ], "texture": "#torch" }
            }
        }
    ]
}
